Episode,Score
1,30
2,23
3,19
4,18
5,24
6,12
7,16
8,15
9,63
10,17
11,53
12,23
13,14
14,27
15,31
16,10
17,20
18,16
19,13
20,9
21,26
22,41
23,21
24,24
25,12
26,65
27,63
28,13
29,23
30,32
31,11
32,15
33,15
34,19
35,26
36,13
37,12
38,41
39,20
40,18
41,21
42,52
43,8
44,22
45,13
46,15
47,14
48,14
49,42
50,10
51,12
52,21
53,27
54,10
55,55
56,42
57,21
58,31
59,42
60,126
61,99
62,44
63,137
64,57
65,77
66,65
67,23
68,12
69,53
70,91
71,30
72,58
73,16
74,18
75,28
76,108
77,99
78,44
79,50
80,35
81,31
82,95
83,95
84,14
85,74
86,29
87,18
88,88
89,92
90,14
91,35
92,49
93,110
94,49
95,52
96,47
97,126
98,49
99,101
100,112
101,28
102,62
103,61
104,26
105,44
106,34
107,87
108,119
109,89
110,80
111,29
112,130
113,23
114,108
115,88
116,41
117,62
118,146
119,43
120,12
121,33
122,41
123,55
124,25
125,80
126,118
127,113
128,154
129,61
130,84
131,83
132,199
133,30
134,193
135,145
136,151
137,157
138,93
139,46
140,159
141,27
142,15
143,126
144,191
145,173
146,192
147,121
148,40
149,160
150,68
151,60
152,65
153,15
154,175
155,137
156,22
157,90
158,82
159,74
160,41
161,51
162,52
163,188
164,130
165,106
166,151
167,17
168,107
169,48
170,12
171,19
172,22
173,144
174,24
175,14
176,131
177,40
178,14
179,102
180,73
181,152
182,19
183,56
184,23
185,188
186,93
187,59
188,29
189,137
190,110
191,12
192,107
193,47
194,46
195,34
196,16
197,19
198,20
199,17
200,145
201,144
202,125
203,111
204,109
205,183
206,110
207,110
208,113
209,167
210,114
211,18
212,106
213,37
214,12
215,19
216,148
217,39
218,98
219,99
220,12
221,11
222,98
223,33
224,106
225,13
226,31
227,43
228,42
229,101
230,101
231,108
232,16
233,14
234,19
235,16
236,30
237,10
238,16
239,16
240,21
241,23
242,45
243,63
244,111
245,115
246,131
247,46
248,79
249,121
250,114
251,15
252,109
253,135
254,114
255,13
256,122
257,136
258,112
259,62
260,70
261,89
262,141
263,118
264,12
265,116
266,16
267,101
268,120
269,121
270,14
271,126
272,108
273,19
274,10
275,42
276,117
277,118
278,115
279,120
280,116
281,112
282,108
283,108
284,24
285,115
286,121
287,39
288,22
289,24
290,50
291,127
292,166
293,24
294,108
295,110
296,17
297,128
298,129
299,117
300,42
301,109
302,115
303,111
304,106
305,20
306,130
307,106
308,116
309,113
310,85
311,46
312,116
313,18
314,109
315,111
316,112
317,122
318,79
319,132
320,109
321,29
322,121
323,18
324,18
325,106
326,113
327,125
328,135
329,111
330,16
331,117
332,17
333,26
334,124
335,20
336,110
337,12
338,124
339,60
340,105
341,20
342,67
343,121
344,171
345,129
346,111
347,66
348,121
349,13
350,233
351,122
352,177
353,16
354,135
355,40
356,198
357,27
358,135
359,23
360,152
361,56
362,199
363,123
364,112
365,20
366,81
367,19
368,167
369,70
370,87
371,14
372,119
373,145
374,111
375,13
376,125
377,133
378,122
379,55
380,122
381,109
382,129
383,125
384,139
385,178
386,131
387,168
388,138
389,130
390,143
391,132
392,121
393,112
394,10
395,116
396,123
397,112
398,120
399,211
400,129
401,156
402,121
403,121
404,248
405,19
406,136
407,195
408,134
409,147
410,61
411,140
412,65
413,139
414,202
415,209
416,162
417,133
418,125
419,137
420,222
421,148
422,122
423,140
424,153
425,18
426,261
427,235
428,217
429,94
430,182
431,203
432,77
433,14
434,34
435,128
436,274
437,62
438,159
439,15
440,207
441,196
442,37
443,153
444,63
445,42
446,31
447,202
448,122
449,12
450,129
451,137
452,193
453,168
454,230
455,161
456,186
457,171
458,382
459,237
460,354
461,230
462,72
463,126
464,170
465,194
466,89
467,214
468,212
469,343
470,13
471,166
472,195
473,289
474,220
475,243
476,168
477,217
478,123
479,170
480,42
481,109
482,99
483,272
484,500
485,351
486,299
487,260
488,446
489,250
490,150
491,147
492,187
493,171
494,198
495,500
496,371
497,192
498,50
499,500
500,195
501,327
502,131
503,196
504,270
505,500
506,500
507,315
508,117
509,144
510,47
511,372
512,158
513,234
514,340
515,236
516,283
517,166
518,238
519,158
520,74
521,319
522,417
523,140
524,205
525,300
526,171
527,232
528,157
529,193
530,136
531,338
532,223
533,189
534,136
535,95
536,184
537,197
538,17
539,327
540,276
541,120
542,139
543,500
544,226
545,233
546,181
547,241
548,65
549,455
550,150
551,127
552,280
553,150
554,152
555,323
556,192
557,142
558,163
559,127
560,142
561,125
562,188
563,170
564,12
565,207
566,157
567,119
568,145
569,268
570,258
571,178
572,288
573,500
574,220
575,114
576,311
577,500
578,324
579,116
580,124
581,100
582,324
583,122
584,500
585,269
586,329
587,247
588,35
589,40
590,220
591,290
592,238
593,305
594,195
595,500
596,400
597,245
598,500
599,232
600,475
601,292
602,108
603,16
604,130
605,70
606,54
607,341
608,130
609,193
610,318
611,138
612,160
613,249
614,113
615,109
616,107
617,324
618,135
619,153
620,268
621,134
622,479
623,109
624,155
625,107
626,416
627,262
628,96
629,118
630,48
631,475
632,260
633,177
634,262
635,163
636,250
637,307
638,81
639,160
640,246
641,147
642,139
643,259
644,325
645,184
646,177
647,500
648,178
649,135
650,112
651,120
652,101
653,115
654,120
655,106
656,115
657,123
658,119
659,153
660,178
661,54
662,10
663,115
664,384
665,249
666,169
667,208
668,111
669,111
670,377
671,144
672,130
673,86
674,139
675,129
676,11
677,322
678,230
679,38
680,91
681,281
682,53
683,282
684,168
685,149
686,123
687,315
688,130
689,164
690,117
691,460
692,287
693,464
694,252
695,159
696,133
697,183
698,173
699,187
700,166
701,114
702,163
703,130
704,500
705,205
706,138
707,171
708,186
709,380
710,85
711,184
712,409
713,176
714,161
715,129
716,125
717,167
718,149
719,500
720,500
721,439
722,128
723,136
724,500
725,365
726,258
727,500
728,315
729,500
730,137
731,332
732,247
733,186
734,500
735,389
736,70
737,500
738,164
739,146
740,500
741,500
742,144
743,354
744,423
745,500
746,165
747,217
748,115
749,70
750,442
751,418
752,404
753,115
754,500
755,500
756,117
757,315
758,129
759,353
760,421
761,325
762,137
763,19
764,12
765,289
766,131
767,152
768,171
769,115
770,112
771,130
772,179
773,445
774,143
775,500
776,444
777,327
778,131
779,131
780,500
781,213
782,162
783,374
784,140
785,129
786,137
787,305
788,154
789,136
790,164
791,217
792,119
793,198
794,139
795,204
796,488
797,483
798,384
799,500
800,56
801,330
802,362
803,311
804,163
805,164
806,357
807,245
808,177
809,142
810,45
811,121
812,161
813,469
814,169
815,346
816,500
817,335
818,500
819,500
820,154
821,42
822,289
823,322
824,215
825,473
826,116
827,218
828,148
829,116
830,500
831,125
832,219
833,149
834,500
835,446
836,396
837,160
838,155
839,151
840,325
841,137
842,500
843,500
844,126
845,500
846,239
847,476
848,428
849,76
850,399
851,124
852,500
853,132
854,39
855,32
856,21
857,51
858,23
859,25
860,20
861,187
862,500
863,137
864,175
865,127
866,163
867,145
868,432
869,359
870,145
871,500
872,191
873,172
874,130
875,210
876,29
877,258
878,111
879,389
880,500
881,343
882,404
883,500
884,123
885,446
886,324
887,370
888,500
889,141
890,500
891,482
892,144
893,175
894,182
895,134
896,103
897,119
898,374
899,403
900,135
901,500
902,413
903,306
904,164
905,116
906,124
907,500
908,105
909,144
910,175
911,454
912,255
913,119
914,163
915,500
916,368
917,286
918,238
919,315
920,284
921,34
922,35
923,89
924,207
925,127
926,237
927,478
928,326
929,500
930,284
931,401
932,229
933,147
934,29
935,30
936,14
937,16
938,112
939,110
940,295
941,122
942,154
943,127
944,126
945,131
946,134
947,228
948,188
949,245
950,169
951,118
952,342
953,174
954,164
955,218
956,215
957,166
958,384
959,181
960,174
961,263
962,130
963,128
964,336
965,222
966,279
967,498
968,285
969,238
970,132
971,324
972,362
973,117
974,153
975,422
976,296
977,500
978,500
979,292
980,500
981,464
982,368
983,367
984,500
985,359
986,137
987,500
988,500
989,455
990,198
991,220
992,281
993,377
994,500
995,488
996,500
997,500
998,214
999,500
1000,500
1001,500
1002,261
1003,500
1004,343
1005,500
1006,354
1007,350
1008,209
1009,239
1010,366
1011,500
1012,308
1013,137
1014,110
1015,500
1016,500
1017,147
1018,500
1019,342
1020,300
1021,407
1022,286
1023,142
1024,12
1025,131
1026,11
1027,14
1028,500
1029,325
1030,164
1031,330
1032,241
1033,25
1034,13
1035,12
1036,12
1037,11
1038,11
1039,12
1040,11
1041,226
1042,500
1043,300
1044,380
1045,500
1046,239
1047,500
1048,402
1049,209
1050,500
1051,314
1052,500
1053,446
1054,345
1055,500
1056,419
1057,500
1058,500
1059,367
1060,352
1061,374
1062,406
1063,500
1064,192
1065,270
1066,422
1067,275
1068,500
1069,500
1070,11
1071,10
1072,10
1073,10
1074,10
1075,10
1076,9
1077,10
1078,10
1079,8
1080,9
1081,10
1082,10
1083,10
1084,9
1085,10
1086,10
1087,10
1088,10
1089,9
1090,9
1091,8
1092,9
1093,9
1094,10
1095,9
1096,9
1097,10
1098,9
1099,8
1100,8
1101,10
1102,9
1103,8
1104,11
1105,10
1106,10
1107,10
1108,10
1109,10
1110,9
1111,10
1112,11
1113,10
1114,12
1115,14
1116,17
1117,34
1118,48
1119,64
1120,65
1121,103
1122,323
1123,221
1124,237
1125,500
1126,327
1127,500
1128,500
1129,500
1130,418
1131,332
1132,500
1133,348
1134,311
1135,420
1136,367
1137,427
1138,439
1139,142
1140,124
1141,399
1142,403
1143,136
1144,136
1145,377
1146,243
1147,122
1148,500
1149,165
1150,110
1151,238
1152,246
1153,110
1154,327
1155,117
1156,388
1157,111
1158,259
1159,412
1160,119
1161,119
1162,119
1163,182
1164,331
1165,124
1166,198
1167,238
1168,121
1169,322
1170,471
1171,486
1172,324
1173,434
1174,500
1175,473
1176,400
1177,500
1178,303
1179,290
1180,178
1181,225
1182,91
1183,285
1184,280
1185,139
1186,16
1187,151
1188,335
1189,285
1190,396
1191,211
1192,315
1193,500
1194,270
1195,366
1196,265
1197,344
1198,196
1199,174
1200,318
1201,500
1202,223
1203,500
1204,275
1205,342
1206,251
1207,361
1208,396
1209,336
1210,378
1211,305
1212,117
1213,196
1214,170
1215,275
1216,500
1217,355
1218,366
1219,89
1220,367
1221,53
1222,324
1223,500
1224,115
1225,304
1226,104
1227,186
1228,216
1229,225
1230,136
1231,249
1232,181
1233,500
1234,500
1235,174
1236,322
1237,201
1238,500
1239,251
1240,350
1241,489
1242,500
1243,446
1244,169
1245,500
1246,404
1247,310
1248,500
1249,180
1250,72
1251,12
1252,12
1253,11
1254,11
1255,15
1256,142
1257,500
1258,209
1259,500
1260,500
1261,500
1262,500
1263,500
1264,500
1265,500
1266,500
1267,500
1268,500
1269,500
1270,500
1271,500
1272,500
1273,500
1274,500
1275,500
1276,500
1277,466
1278,111
1279,188
1280,500
1281,500
1282,500
1283,292
1284,189
1285,256
1286,500
1287,500
1288,84
1289,500
1290,487
1291,381
1292,189
1293,500
1294,47
1295,11
1296,10
1297,10
1298,9
1299,10
1300,10
1301,9
1302,10
1303,10
1304,10
1305,11
1306,9
1307,11
1308,12
1309,52
1310,38
1311,30
1312,25
1313,13
1314,24
1315,31
1316,500
1317,298
1318,500
1319,413
1320,146
1321,500
1322,261
1323,314
1324,119
1325,211
1326,191
1327,146
1328,500
1329,106
1330,10
1331,9
1332,11
1333,11
1334,11
1335,11
1336,10
1337,10
1338,12
1339,161
1340,136
1341,343
1342,339
1343,104
1344,172
1345,138
1346,266
1347,500
1348,288
1349,155
1350,500
1351,185
1352,285
1353,500
1354,500
1355,500
1356,173
1357,500
1358,127
1359,140
1360,94
1361,130
1362,156
1363,151
1364,466
1365,500
1366,190
1367,276
1368,500
1369,184
1370,308
1371,141
1372,500
1373,193
1374,435
1375,453
1376,271
1377,282
1378,250
1379,500
1380,305
1381,473
1382,370
1383,403
1384,500
1385,272
1386,240
1387,310
1388,500
1389,500
1390,144
1391,460
1392,500
1393,500
1394,500
1395,500
1396,500
1397,475
1398,304
1399,500
1400,243
1401,500
1402,500
1403,132
1404,134
1405,162
1406,500
1407,119
1408,162
1409,163
1410,185
1411,127
1412,100
1413,13
1414,14
1415,14
1416,12
1417,13
1418,13
1419,36
1420,500
1421,500
1422,464
1423,163
1424,313
1425,228
1426,500
1427,217
1428,149
1429,500
1430,151
1431,500
1432,500
1433,500
1434,161
1435,500
1436,156
1437,302
1438,322
1439,142
1440,313
1441,143
1442,378
1443,427
1444,229
1445,500
1446,500
1447,500
1448,500
1449,500
1450,196
1451,135
1452,417
1453,452
1454,500
1455,500
1456,500
1457,500
1458,500
1459,500
1460,500
1461,348
1462,376
1463,382
1464,500
1465,500
1466,271
1467,142
1468,103
1469,106
1470,114
1471,500
1472,294
1473,224
1474,500
1475,174
1476,183
1477,149
1478,227
1479,119
1480,132
1481,487
1482,280
1483,500
1484,500
1485,414
1486,500
1487,104
1488,264
1489,148
1490,201
1491,236
1492,129
1493,378
1494,120
1495,136
1496,117
1497,500
1498,500
1499,128
1500,31
1501,500
1502,353
1503,500
1504,500
1505,500
1506,414
1507,365
1508,412
1509,39
1510,461
1511,461
1512,435
1513,500
1514,354
1515,436
1516,444
1517,500
1518,358
1519,238
1520,188
1521,500
1522,432
1523,445
1524,94
1525,203
1526,361
1527,314
1528,166
1529,171
1530,223
1531,375
1532,151
1533,40
1534,117
1535,133
1536,406
1537,241
1538,134
1539,180
1540,182
1541,218
1542,162
1543,99
1544,500
1545,500
1546,500
1547,500
1548,335
1549,424
1550,417
1551,59
1552,73
1553,500
1554,500
1555,500
1556,146
1557,198
1558,401
1559,500
1560,500
1561,500
1562,432
1563,500
1564,500
1565,431
1566,202
1567,169
1568,126
1569,102
1570,262
1571,234
1572,66
1573,500
1574,377
1575,152
1576,500
1577,259
1578,452
1579,500
1580,205
1581,203
1582,206
1583,190
1584,193
1585,277
1586,358
1587,500
1588,500
1589,239
1590,500
1591,500
1592,414
1593,337
1594,145
1595,151
1596,138
1597,447
1598,175
1599,192
1600,243
1601,470
1602,236
1603,128
1604,144
1605,277
1606,369
1607,104
1608,219
1609,265
1610,160
1611,285
1612,382
1613,148
1614,110
1615,278
1616,158
1617,204
1618,127
1619,500
1620,212
1621,500
1622,500
1623,95
1624,158
1625,500
1626,295
1627,58
1628,146
1629,400
1630,153
1631,244
1632,153
1633,196
1634,165
1635,144
1636,182
1637,366
1638,430
1639,194
1640,199
1641,360
1642,500
1643,402
1644,195
1645,177
1646,495
1647,361
1648,357
1649,150
1650,500
1651,369
1652,205
1653,424
1654,500
1655,500
1656,433
1657,500
1658,500
1659,84
1660,439
1661,98
1662,333
1663,424
1664,453
1665,152
1666,372
1667,208
1668,386
1669,130
1670,377
1671,500
1672,361
1673,467
1674,290
1675,285
1676,294
1677,158
1678,340
1679,252
1680,500
1681,486
1682,335
1683,500
1684,364
1685,500
1686,500
1687,500
1688,500
1689,500
1690,206
1691,302
1692,307
1693,118
1694,500
1695,500
1696,500
1697,500
1698,500
1699,419
1700,180
1701,500
1702,500
1703,103
1704,54
1705,37
1706,289
1707,500
1708,500
1709,500
1710,372
1711,103
1712,265
1713,386
1714,104
1715,500
1716,119
1717,287
1718,139
1719,154
1720,152
1721,320
1722,428
1723,211
1724,274
1725,500
1726,303
1727,97
1728,336
1729,500
1730,18
1731,139
1732,500
1733,500
1734,500
1735,500
1736,344
1737,350
1738,103
1739,336
1740,376
1741,171
1742,500
1743,248
1744,500
1745,456
1746,311
1747,433
1748,500
1749,127
1750,173
1751,500
1752,219
1753,151
1754,390
1755,61
1756,500
1757,457
1758,500
1759,500
1760,500
1761,500
1762,500
1763,127
1764,105
1765,500
1766,500
1767,500
1768,420
1769,354
1770,163
1771,500
1772,424
1773,500
1774,500
1775,500
1776,500
1777,500
1778,500
1779,500
1780,499
1781,225
1782,412
1783,395
1784,344
1785,104
1786,386
1787,183
1788,310
1789,468
1790,99
1791,129
1792,148
1793,145
1794,153
1795,113
1796,129
1797,184
1798,91
1799,500
1800,194
1801,432
1802,188
1803,324
1804,500
1805,303
1806,230
1807,91
1808,145
1809,136
1810,157
1811,384
1812,350
1813,134
1814,170
1815,215
1816,135
1817,267
1818,176
1819,312
1820,125
1821,217
1822,183
1823,132
1824,499
1825,138
1826,180
1827,159
1828,182
1829,143
1830,163
1831,500
1832,121
1833,362
1834,183
1835,179
1836,120
1837,250
1838,339
1839,429
1840,321
1841,147
1842,223
1843,115
1844,341
1845,188
1846,158
1847,180
1848,218
1849,255
1850,256
1851,172
1852,123
1853,154
1854,100
1855,75
1856,17
1857,13
1858,178
1859,14
1860,11
1861,14
1862,325
1863,500
1864,203
1865,500
1866,500
1867,500
1868,206
1869,500
1870,401
1871,140
1872,164
1873,379
1874,271
1875,271
1876,361
1877,329
1878,252
1879,289
1880,315
1881,288
1882,300
1883,474
1884,500
1885,289
1886,318
1887,227
1888,261
1889,292
1890,361
1891,239
1892,463
1893,285
1894,349
1895,110
1896,371
1897,367
1898,123
1899,352
1900,137
1901,119
1902,118
1903,389
1904,115
1905,83
1906,361
1907,227
1908,141
1909,398
1910,129
1911,155
1912,363
1913,307
1914,127
1915,300
1916,284
1917,160
1918,276
1919,346
1920,407
1921,175
1922,135
1923,500
1924,135
1925,163
1926,121
1927,146
1928,120
1929,273
1930,299
1931,321
1932,402
1933,331
1934,335
1935,279
1936,151
1937,303
1938,213
1939,261
1940,316
1941,267
1942,343
1943,316
1944,239
1945,364
1946,167
1947,163
1948,345
1949,328
1950,143
1951,374
1952,234
1953,265
1954,163
1955,382
1956,184
1957,209
1958,159
1959,336
1960,147
1961,214
1962,265
1963,194
1964,64
1965,259
1966,49
1967,241
1968,215
1969,192
1970,391
1971,179
1972,136
1973,148
1974,156
1975,138
1976,124
1977,19
1978,19
1979,21
1980,23
1981,30
1982,20
1983,36
1984,21
1985,19
1986,21
1987,19
1988,18
1989,15
1990,23
1991,28
1992,500
1993,118
1994,239
1995,283
1996,500
1997,500
1998,121
1999,129
2000,138
2001,123
2002,114
2003,122
2004,119
2005,132
2006,500
2007,500
2008,360
2009,500
2010,500
2011,500
2012,500
2013,88
2014,500
2015,500
2016,117
2017,500
2018,500
2019,500
2020,500
2021,500
2022,500
2023,500
2024,500
2025,500
2026,500
2027,500
2028,106
2029,343
2030,165
2031,242
2032,500
2033,274
2034,500
2035,457
2036,87
2037,500
2038,141
2039,139
2040,500
2041,126
2042,118
2043,113
2044,302
2045,285
2046,500
2047,500
2048,121
2049,425
2050,345
2051,500
2052,122
2053,125
2054,189
2055,372
2056,145
2057,204
2058,500
2059,500
2060,374
2061,235
2062,223
2063,500
2064,226
2065,230
2066,126
2067,118
2068,221
2069,219
2070,173
2071,325
2072,169
2073,335
2074,191
2075,260
2076,500
2077,41
2078,50
2079,153
2080,425
2081,220
2082,137
2083,139
2084,195
2085,133
2086,413
2087,177
2088,310
2089,500
2090,129
2091,131
2092,133
2093,197
2094,405
2095,130
2096,149
2097,500
2098,204
2099,500
2100,141
2101,146
2102,309
2103,355
2104,265
2105,131
2106,500
2107,500
2108,130
2109,500
2110,500
2111,201
2112,259
2113,123
2114,124
2115,143
2116,135
2117,127
2118,122
2119,161
2120,99
2121,102
2122,92
2123,96
2124,120
2125,108
2126,126
2127,181
2128,104
2129,132
2130,122
2131,106
2132,194
2133,127
2134,140
2135,122
2136,134
2137,156
2138,152
2139,140
2140,136
2141,173
2142,187
2143,200
2144,165
2145,160
2146,188
2147,332
2148,255
2149,225
2150,264
2151,361
2152,316
2153,229
2154,420
2155,310
2156,207
2157,284
2158,203
2159,386
2160,13
2161,14
2162,270
2163,179
2164,51
2165,132
2166,500
2167,500
2168,197
2169,500
2170,157
2171,166
2172,143
2173,480
2174,206
2175,500
2176,153
2177,122
2178,161
2179,500
2180,500
2181,500
2182,383
2183,500
2184,485
2185,86
2186,191
2187,98
2188,94
2189,101
2190,52
2191,44
2192,38
2193,227
2194,262
2195,188
2196,220
2197,207
2198,190
2199,161
2200,179
2201,145
2202,128
2203,126
2204,143
2205,169
2206,148
2207,137
2208,124
2209,267
2210,143
2211,500
2212,163
2213,123
2214,149
2215,144
2216,185
2217,406
2218,43
2219,139
2220,140
2221,203
2222,109
2223,159
2224,473
2225,115
2226,127
2227,500
2228,30
2229,188
2230,448
2231,119
2232,111
2233,131
2234,169
2235,117
2236,321
2237,151
2238,190
2239,395
2240,434
2241,181
2242,140
2243,500
2244,500
2245,219
2246,147
2247,123
2248,500
2249,102
2250,97
2251,13
2252,18
2253,10
2254,98
2255,99
2256,109
2257,209
2258,193
2259,500
2260,500
2261,200
2262,500
2263,147
2264,187
2265,260
2266,139
2267,124
2268,419
2269,239
2270,110
2271,318
2272,117
2273,282
2274,381
2275,284
2276,500
2277,500
2278,500
2279,500
2280,445
2281,494
2282,500
2283,73
2284,192
2285,101
2286,285
2287,315
2288,277
2289,122
2290,341
2291,226
2292,105
2293,500
2294,20
2295,361
2296,500
2297,109
2298,500
2299,88
2300,20
2301,98
2302,86
2303,82
2304,121
2305,97
2306,123
2307,155
2308,500
2309,500
2310,500
2311,101
2312,93
2313,266
2314,217
2315,54
2316,64
2317,19
2318,419
2319,145
2320,81
2321,384
2322,260
2323,258
2324,191
2325,239
2326,162
2327,500
2328,408
2329,239
2330,500
2331,500
2332,312
2333,399
2334,500
2335,500
2336,500
2337,125
2338,160
2339,137
2340,192
2341,324
2342,500
2343,425
2344,261
2345,286
2346,327
2347,79
2348,279
2349,315
2350,394
2351,500
2352,500
2353,226
2354,415
2355,244
2356,500
2357,464
2358,412
2359,367
2360,142
2361,256
2362,268
2363,168
2364,285
2365,347
2366,437
2367,389
2368,500
2369,455
2370,200
2371,334
2372,247
2373,136
2374,500
2375,500
2376,500
2377,78
2378,125
2379,500
2380,129
2381,279
2382,203
2383,136
2384,273
2385,235
2386,312
2387,51
2388,194
2389,271
2390,500
2391,263
2392,220
2393,291
2394,224
2395,182
2396,189
2397,170
2398,114
2399,194
2400,221
2401,118
2402,140
2403,85
2404,284
2405,270
2406,173
2407,226
2408,374
2409,253
2410,138
2411,500
2412,443
2413,268
2414,274
2415,129
2416,133
2417,227
2418,321
2419,295
2420,152
2421,120
2422,143
2423,204
2424,500
2425,142
2426,153
2427,52
2428,232
2429,181
2430,135
2431,273
2432,265
2433,294
2434,138
2435,208
2436,173
2437,200
2438,334
2439,500
2440,186
2441,73
2442,357
2443,107
2444,184
2445,176
2446,370
2447,111
2448,129
2449,442
2450,122
2451,469
2452,286
2453,500
2454,500
2455,500
2456,196
2457,183
2458,389
2459,34
2460,335
2461,500
2462,447
2463,310
2464,367
2465,500
2466,500
2467,500
2468,352
2469,109
2470,500
2471,450
2472,500
2473,347
2474,14
2475,500
2476,281
2477,141
2478,77
2479,72
2480,215
2481,156
2482,239
2483,500
2484,339
2485,282
2486,295
2487,198
2488,111
2489,315
2490,215
2491,132
2492,500
2493,500
2494,500
2495,500
2496,229
2497,326
2498,470
2499,226
2500,500
2501,195
2502,232
2503,356
2504,500
2505,139
2506,418
2507,500
2508,377
2509,500
2510,145
2511,200
2512,500
2513,311
2514,184
2515,215
2516,500
2517,369
2518,120
2519,324
2520,98
2521,420
2522,58
2523,500
2524,500
2525,236
2526,500
2527,433
2528,500
2529,197
2530,500
2531,347
2532,276
2533,125
2534,323
2535,500
2536,500
2537,112
2538,500
2539,500
2540,473
2541,216
2542,500
2543,101
2544,140
2545,172
2546,134
2547,128
2548,500
2549,500
2550,500
2551,500
2552,326
2553,462
2554,306
2555,500
2556,351
2557,500
2558,500
2559,206
2560,152
2561,170
2562,175
2563,261
2564,220
2565,500
2566,320
2567,325
2568,245
2569,123
2570,14
2571,190
2572,188
2573,407
2574,202
2575,292
2576,72
2577,365
2578,136
2579,500
2580,392
2581,123
2582,214
2583,122
2584,207
2585,372
2586,288
2587,237
2588,243
2589,196
2590,165
2591,191
2592,167
2593,153
2594,150
2595,246
2596,234
2597,500
2598,291
2599,346
2600,241
2601,500
2602,109
2603,277
2604,275
2605,140
2606,257
2607,188
2608,181
2609,136
2610,113
2611,344
2612,250
2613,136
2614,184
2615,148
2616,213
2617,116
2618,100
2619,113
2620,99
2621,106
2622,182
2623,281
2624,174
2625,128
2626,298
2627,367
2628,175
2629,134
2630,128
2631,145
2632,360
2633,145
2634,163
2635,399
2636,165
2637,204
2638,208
2639,466
2640,452
2641,151
2642,193
2643,161
2644,41
2645,185
2646,168
2647,245
2648,294
2649,291
2650,250
2651,500
2652,500
2653,379
2654,23
2655,228
2656,430
2657,500
2658,500
2659,500
2660,500
2661,500
2662,64
2663,500
2664,107
2665,414
2666,126
2667,144
2668,307
2669,162
2670,428
2671,118
2672,233
2673,127
2674,109
2675,418
2676,188
2677,110
2678,149
2679,300
2680,132
2681,495
2682,190
2683,265
2684,211
2685,149
2686,163
2687,279
2688,141
2689,173
2690,176
2691,334
2692,283
2693,24
2694,28
2695,102
2696,80
2697,370
2698,376
2699,84
2700,98
2701,97
2702,103
2703,180
2704,116
2705,166
2706,119
2707,392
2708,169
2709,105
2710,184
2711,109
2712,185
2713,112
2714,107
2715,306
2716,129
2717,388
2718,128
2719,102
2720,209
2721,51
2722,171
2723,264
2724,116
2725,288
2726,376
2727,179
2728,291
2729,473
2730,185
2731,162
2732,24
2733,15
2734,500
2735,165
2736,234
2737,201
2738,107
2739,471
2740,157
2741,325
2742,149
2743,247
2744,142
2745,52
2746,177
2747,108
2748,427
2749,500
2750,430
2751,500
2752,500
2753,91
2754,138
2755,243
2756,500
2757,96
2758,500
2759,64
2760,104
2761,193
2762,500
2763,450
2764,500
2765,500
2766,500
2767,500
2768,128
2769,369
2770,368
2771,500
2772,160
2773,500
2774,115
2775,108
2776,120
2777,162
2778,194
2779,334
2780,191
2781,205
2782,335
2783,224
2784,309
2785,244
2786,233
2787,207
2788,286
2789,368
2790,84
2791,269
2792,269
2793,277
2794,500
2795,236
2796,174
2797,500
2798,271
2799,116
2800,120
2801,500
2802,255
2803,101
2804,108
2805,29
2806,194
2807,108
2808,26
2809,110
2810,108
2811,20
2812,29
2813,25
2814,22
2815,116
2816,117
2817,117
2818,195
2819,98
2820,161
2821,121
2822,145
2823,137
2824,94
2825,77
2826,285
2827,198
2828,174
2829,246
2830,201
2831,184
2832,224
2833,204
2834,144
2835,500
2836,218
2837,236
2838,500
2839,44
2840,122
2841,124
2842,114
2843,141
2844,164
2845,128
2846,331
2847,389
2848,115
2849,111
2850,104
2851,500
2852,500
2853,500
2854,135
2855,327
2856,188
2857,258
2858,103
2859,115
2860,127
2861,109
2862,310
2863,123
2864,211
2865,105
2866,99
2867,253
2868,311
2869,27
2870,143
2871,300
2872,20
2873,127
2874,114
2875,148
2876,500
2877,254
2878,500
2879,338
2880,59
2881,114
2882,395
2883,122
2884,391
2885,125
2886,172
2887,157
2888,222
2889,190
2890,427
2891,88
2892,189
2893,89
2894,85
2895,141
2896,122
2897,118
2898,128
2899,85
2900,136
2901,121
2902,125
2903,164
2904,106
2905,121
2906,145
2907,500
2908,84
2909,237
2910,268
2911,140
2912,500
2913,151
2914,112
2915,413
2916,114
2917,145
2918,117
2919,130
2920,117
2921,153
2922,121
2923,393
2924,168
2925,500
2926,330
2927,156
2928,284
2929,101
2930,325
2931,440
2932,500
2933,500
2934,257
2935,286
2936,128
2937,103
2938,500
2939,356
2940,110
2941,100
2942,125
2943,117
2944,500
2945,431
2946,255
2947,125
2948,212
2949,95
2950,223
2951,209
2952,109
2953,164
2954,159
2955,220
2956,311
2957,22
2958,13
2959,112
2960,109
2961,111
2962,123
2963,454
2964,118
2965,102
2966,105
2967,143
2968,295
2969,283
2970,282
2971,332
2972,200
2973,386
2974,304
2975,238
2976,500
2977,500
2978,500
2979,500
2980,500
2981,18
2982,110
2983,269
2984,137
2985,459
2986,294
2987,285
2988,281
2989,500
2990,260
2991,120
2992,500
2993,500
2994,91
2995,101
2996,13
2997,319
2998,222
2999,290
3000,116
3001,448
3002,157
3003,500
3004,500
3005,104
3006,500
3007,119
3008,118
3009,414
3010,476
3011,124
3012,500
3013,118
3014,298
3015,76
3016,177
3017,500
3018,273
3019,116
3020,285
3021,117
3022,476
3023,433
3024,138
3025,141
3026,111
3027,103
3028,160
3029,285
3030,114
3031,126
3032,118
3033,187
3034,88
3035,98
3036,133
3037,172
3038,165
3039,149
3040,127
3041,113
3042,110
3043,114
3044,100
3045,500
3046,108
3047,321
3048,177
3049,263
3050,184
3051,226
3052,106
3053,104
3054,111
3055,17
3056,137
3057,216
3058,176
3059,434
3060,111
3061,385
3062,200
3063,268
3064,208
3065,193
3066,11
3067,162
3068,205
3069,213
3070,176
3071,276
3072,193
3073,196
3074,145
3075,153
3076,198
3077,125
3078,172
3079,274
3080,243
3081,216
3082,353
3083,108
3084,415
3085,189
3086,144
3087,244
3088,226
3089,302
3090,370
3091,500
3092,494
3093,221
3094,141
3095,195
3096,134
3097,146
3098,130
3099,90
3100,124
3101,224
3102,113
3103,245
3104,500
3105,298
3106,308
3107,151
3108,204
3109,500
3110,494
3111,500
3112,15
3113,21
3114,222
3115,98
3116,500
3117,180
3118,500
3119,500
3120,111
3121,500
3122,296
3123,272
3124,500
3125,321
3126,500
3127,31
3128,163
3129,500
3130,500
3131,464
3132,300
3133,500
3134,147
3135,265
3136,96
3137,328
3138,500
3139,500
3140,311
3141,227
3142,161
3143,120
3144,500
3145,82
3146,163
3147,200
3148,122
3149,87
3150,500
3151,82
3152,201
3153,144
3154,93
3155,26
3156,112
3157,253
3158,70
3159,60
3160,111
3161,74
3162,36
3163,48
3164,105
3165,100
3166,112
3167,115
3168,112
3169,123
3170,155
3171,120
3172,138
3173,129
3174,154
3175,128
3176,151
3177,122
3178,295
3179,500
3180,311
3181,294
3182,227
3183,317
3184,105
3185,117
3186,122
3187,500
3188,500
3189,476
3190,109
3191,96
3192,500
3193,118
3194,112
3195,114
3196,284
3197,192
3198,209
3199,182
3200,110
3201,276
3202,317
3203,437
3204,362
3205,212
3206,204
3207,398
3208,431
3209,465
3210,183
3211,459
3212,500
3213,500
3214,310
3215,100
3216,190
3217,259
3218,387
3219,389
3220,99
3221,23
3222,23
3223,23
3224,162
3225,191
3226,207
3227,166
3228,239
3229,269
3230,365
3231,500
3232,306
3233,454
3234,500
3235,500
3236,500
3237,206
3238,500
3239,500
3240,467
3241,435
3242,419
3243,340
3244,500
3245,500
3246,500
3247,272
3248,500
3249,275
3250,313
3251,459
3252,500
3253,112
3254,500
3255,101
3256,500
3257,175
3258,500
3259,500
3260,500
3261,132
3262,127
3263,500
3264,500
3265,500
3266,500
3267,81
3268,500
3269,215
3270,500
3271,500
3272,500
3273,500
3274,319
3275,337
3276,500
3277,305
3278,315
3279,241
3280,500
3281,173
3282,267
3283,188
3284,222
3285,133
3286,202
3287,134
3288,283
3289,387
3290,500
3291,500
3292,388
3293,128
3294,18
3295,500
3296,223
3297,500
3298,500
3299,487
3300,208
3301,121
3302,105
3303,36
3304,174
3305,106
3306,454
3307,155
3308,246
3309,500
3310,500
3311,420
3312,461
3313,87
3314,355
3315,490
3316,164
3317,500
3318,143
3319,206
3320,500
3321,87
3322,206
3323,188
3324,500
3325,500
3326,422
3327,500
3328,221
3329,204
3330,441
3331,223
3332,500
3333,197
3334,234
3335,240
3336,165
3337,221
3338,296
3339,181
3340,500
3341,365
3342,199
3343,292
3344,500
3345,14
3346,187
3347,22
3348,148
3349,239
3350,378
3351,257
3352,222
3353,500
3354,500
3355,86
3356,270
3357,145
3358,292
3359,141
3360,67
3361,165
3362,155
3363,95
3364,164
3365,183
3366,271
3367,298
3368,500
3369,500
3370,360
3371,452
3372,410
3373,184
3374,185
3375,150
3376,162
3377,197
3378,162
3379,169
3380,171
3381,189
3382,11
3383,166
3384,151
3385,167
3386,452
3387,151
3388,152
3389,138
3390,151
3391,93
3392,219
3393,278
3394,142
3395,122
3396,250
3397,122
3398,500
3399,256
3400,500
3401,170
3402,200
3403,286
3404,500
3405,252
3406,222
3407,441
3408,81
3409,270
3410,148
3411,107
3412,248
3413,290
3414,201
3415,201
3416,288
3417,196
3418,257
3419,119
3420,186
3421,444
3422,258
3423,97
3424,103
3425,299
3426,280
3427,250
3428,249
3429,500
3430,376
3431,349
3432,454
3433,222
3434,500
3435,242
3436,500
3437,260
3438,305
3439,165
3440,433
3441,218
3442,58
3443,222
3444,290
3445,144
3446,132
3447,163
3448,500
3449,500
3450,500
3451,233
3452,145
3453,198
3454,151
3455,252
3456,115
3457,247
3458,31
3459,333
3460,313
3461,428
3462,175
3463,104
3464,40
3465,108
3466,100
3467,106
3468,32
3469,22
3470,259
3471,15
3472,265
3473,224
3474,241
3475,175
3476,43
3477,31
3478,249
3479,246
3480,246
3481,278
3482,204
3483,251
3484,219
3485,189
3486,272
3487,184
3488,126
3489,245
3490,224
3491,289
3492,115
3493,174
3494,271
3495,304
3496,187
3497,222
3498,157
3499,294
3500,181
3501,182
3502,218
3503,208
3504,264
3505,347
3506,156
3507,18
3508,206
3509,185
3510,298
3511,162
3512,19
3513,185
3514,195
3515,216
3516,252
3517,301
3518,312
3519,283
3520,139
3521,168
3522,252
3523,146
3524,222
3525,215
3526,163
3527,234
3528,185
3529,174
3530,249
3531,261
3532,178
3533,189
3534,202
3535,223
3536,257
3537,173
3538,136
3539,193
3540,294
3541,196
3542,210
3543,50
3544,280
3545,226
3546,116
3547,56
3548,122
3549,286
3550,259
3551,202
3552,213
3553,233
3554,236
3555,203
3556,111
3557,121
3558,163
3559,159
3560,133
3561,150
3562,118
3563,132
3564,122
3565,127
3566,99
3567,290
3568,143
3569,110
3570,132
3571,313
3572,100
3573,205
3574,194
3575,145
3576,131
3577,176
3578,167
3579,300
3580,208
3581,275
3582,460
3583,144
3584,262
3585,218
3586,307
3587,214
3588,129
3589,137
3590,206
3591,299
3592,145
3593,153
3594,431
3595,328
3596,308
3597,500
3598,400
3599,277
3600,299
3601,91
3602,500
3603,137
3604,280
3605,390
3606,243
3607,277
3608,271
3609,250
3610,344
3611,309
3612,372
3613,299
3614,358
3615,356
3616,34
3617,368
3618,297
3619,500
3620,500
3621,500
3622,500
3623,500
3624,500
3625,500
3626,500
3627,500
3628,181
3629,500
3630,296
3631,257
3632,360
3633,336
3634,500
3635,500
3636,500
3637,466
3638,144
3639,500
3640,500
3641,500
3642,200
3643,181
3644,500
3645,500
3646,500
3647,500
3648,340
3649,160
3650,310
3651,405
3652,275
3653,213
3654,500
3655,500
3656,500
3657,436
3658,399
3659,451
3660,500
3661,455
3662,500
3663,500
3664,432
3665,457
3666,500
3667,500
3668,500
3669,500
3670,28
3671,500
3672,400
3673,424
3674,296
3675,266
3676,327
3677,440
3678,500
3679,37
3680,246
3681,500
3682,314
3683,334
3684,295
3685,258
3686,201
3687,254
3688,249
3689,258
3690,236
3691,250
3692,439
3693,500
3694,203
3695,202
3696,23
3697,166
3698,221
3699,264
3700,287
3701,383
3702,311
3703,347
3704,58
3705,500
3706,500
3707,337
3708,329
3709,328
3710,457
3711,370
3712,359
3713,474
3714,324
3715,220
3716,259
3717,385
3718,341
3719,23
3720,225
3721,188
3722,379
3723,336
3724,203
3725,325
3726,332
3727,42
3728,281
3729,297
3730,124
3731,388
3732,386
3733,245
3734,336
3735,86
3736,254
3737,345
3738,436
3739,374
3740,291
3741,309
3742,252
3743,357
3744,355
3745,500
3746,388
3747,354
3748,293
3749,264
3750,175
3751,234
3752,500
3753,500
3754,500
3755,500
3756,398
3757,366
3758,371
3759,500
3760,317
3761,464
3762,342
3763,360
3764,110
3765,280
3766,115
3767,87
3768,276
3769,273
3770,338
3771,216
3772,238
3773,361
3774,189
3775,500
3776,350
3777,171
3778,232
3779,211
3780,190
3781,500
3782,500
3783,408
3784,168
3785,245
3786,280
3787,126
3788,500
3789,370
3790,147
3791,143
3792,118
3793,500
3794,435
3795,434
3796,118
3797,120
3798,107
3799,162
3800,319
3801,114
3802,102
3803,158
3804,147
3805,233
3806,191
3807,323
3808,217
3809,105
3810,500
3811,324
3812,133
3813,338
3814,380
3815,469
3816,172
3817,239
3818,317
3819,468
3820,52
3821,88
3822,128
3823,96
3824,206
3825,47
3826,228
3827,275
3828,171
3829,157
3830,312
3831,248
3832,486
3833,127
3834,189
3835,296
3836,274
3837,500
3838,165
3839,94
3840,101
3841,149
3842,100
3843,123
3844,226
3845,153
3846,199
3847,110
3848,155
3849,136
3850,114
3851,221
3852,199
3853,283
3854,105
3855,108
3856,246
3857,170
3858,297
3859,100
3860,124
3861,98
3862,110
3863,106
3864,98
3865,103
3866,98
3867,115
3868,338
3869,112
3870,188
3871,330
3872,226
3873,130
3874,133
3875,199
3876,233
3877,238
3878,137
3879,126
3880,185
3881,161
3882,150
3883,272
3884,432
3885,440
3886,244
3887,247
3888,500
3889,500
3890,500
3891,490
3892,27
3893,500
3894,500
3895,500
3896,500
3897,500
3898,51
3899,500
3900,79
3901,27
3902,500
3903,24
3904,33
3905,15
3906,26
3907,31
3908,21
3909,500
3910,500
3911,500
3912,214
3913,500
3914,210
3915,500
3916,193
3917,500
3918,500
3919,500
3920,144
3921,500
3922,500
3923,500
3924,120
3925,130
3926,335
3927,77
3928,179
3929,500
3930,500
3931,337
3932,494
3933,317
3934,176
3935,438
3936,500
3937,495
3938,150
3939,193
3940,136
3941,156
3942,235
3943,500
3944,417
3945,169
3946,500
3947,113
3948,226
3949,308
3950,500
3951,386
3952,497
3953,500
3954,500
3955,500
3956,500
3957,151
3958,151
3959,500
3960,500
3961,500
3962,500
3963,500
3964,500
3965,111
3966,122
3967,500
3968,500
3969,197
3970,170
3971,217
3972,427
3973,153
3974,147
3975,500
3976,138
3977,150
3978,500
3979,44
3980,500
3981,500
3982,500
3983,122
3984,500
3985,113
3986,500
3987,452
3988,500
3989,146
3990,500
3991,247
3992,500
3993,500
3994,180
3995,500
3996,500
3997,410
3998,232
3999,129
4000,67
4001,118
4002,355
4003,500
4004,484
4005,110
4006,114
4007,424
4008,500
4009,231
4010,111
4011,110
4012,93
4013,115
4014,106
4015,76
4016,87
4017,78
4018,40
4019,36
4020,280
4021,80
4022,122
4023,128
4024,99
4025,118
4026,101
4027,342
4028,133
4029,111
4030,326
4031,500
4032,351
4033,354
4034,198
4035,152
4036,265
4037,162
4038,210
4039,500
4040,105
4041,397
4042,464
4043,140
4044,98
4045,136
4046,352
4047,100
4048,146
4049,102
4050,93
4051,95
4052,96
4053,99
4054,102
4055,155
4056,97
4057,50
4058,96
4059,98
4060,98
4061,121
4062,109
4063,93
4064,206
4065,114
4066,272
4067,243
4068,191
4069,273
4070,124
4071,377
4072,460
4073,500
4074,96
4075,500
4076,500
4077,90
4078,153
4079,500
4080,214
4081,102
4082,500
4083,77
4084,500
4085,134
4086,500
4087,500
4088,113
4089,500
4090,148
4091,500
4092,150
4093,500
4094,253
4095,176
4096,444
4097,500
4098,43
4099,158
4100,231
4101,172
4102,251
4103,500
4104,331
4105,222
4106,362
4107,370
4108,419
4109,358
4110,166
4111,489
4112,190
4113,217
4114,78
4115,105
4116,231
4117,256
4118,500
4119,423
4120,500
4121,121
4122,350
4123,322
4124,388
4125,206
4126,196
4127,369
4128,459
4129,369
4130,175
4131,27
4132,111
4133,201
4134,312
4135,295
4136,90
4137,90
4138,20
4139,103
4140,120
4141,107
4142,104
4143,266
4144,105
4145,500
4146,255
4147,128
4148,334
4149,279
4150,215
4151,349
4152,134
4153,164
4154,243
4155,431
4156,392
4157,197
4158,266
4159,297
4160,136
4161,500
4162,234
4163,191
4164,298
4165,209
4166,158
4167,500
4168,500
4169,500
4170,500
4171,303
4172,500
4173,389
4174,166
4175,460
4176,283
4177,490
4178,267
4179,239
4180,500
4181,500
4182,460
4183,252
4184,500
4185,40
4186,263
4187,23
4188,23
4189,139
4190,124
4191,212
4192,281
4193,500
4194,157
4195,500
4196,112
4197,118
4198,500
4199,174
4200,104
4201,101
4202,111
4203,124
4204,204
4205,46
4206,57
4207,188
4208,98
4209,103
4210,12
4211,109
4212,114
4213,101
4214,110
4215,99
4216,96
4217,13
4218,109
4219,96
4220,367
4221,141
4222,118
4223,468
4224,500
4225,500
4226,500
4227,489
4228,319
4229,421
4230,500
4231,471
4232,458
4233,500
4234,204
4235,32
4236,165
4237,216
4238,93
4239,487
4240,40
4241,500
4242,184
4243,396
4244,500
4245,100
4246,500
4247,500
4248,497
4249,350
4250,353
4251,98
4252,413
4253,14
4254,404
4255,500
4256,94
4257,467
4258,500
4259,106
4260,106
4261,135
4262,77
4263,96
4264,87
4265,113
4266,102
4267,361
4268,101
4269,118
4270,106
4271,58
4272,500
4273,142
4274,147
4275,380
4276,500
4277,500
4278,357
4279,96
4280,119
4281,117
4282,500
4283,99
4284,36
4285,500
4286,500
4287,500
4288,369
4289,117
4290,111
4291,465
4292,123
4293,500
4294,500
4295,130
4296,349
4297,500
4298,500
4299,311
4300,29
4301,322
4302,500
4303,500
4304,500
4305,500
4306,270
4307,332
4308,126
4309,500
4310,285
4311,500
4312,500
4313,136
4314,11
4315,500
4316,500
4317,102
4318,481
4319,147
4320,113
4321,98
4322,493
4323,116
4324,500
4325,110
4326,271
4327,181
4328,99
4329,143
4330,130
4331,99
4332,117
4333,99
4334,142
4335,220
4336,135
4337,500
4338,69
4339,114
4340,163
4341,97
4342,97
4343,118
4344,118
4345,125
4346,118
4347,378
4348,127
4349,57
4350,114
4351,389
4352,142
4353,188
4354,113
4355,221
4356,131
4357,111
4358,101
4359,269
4360,99
4361,203
4362,30
4363,38
4364,134
4365,50
4366,113
4367,61
4368,167
4369,210
4370,32
4371,44
4372,310
4373,101
4374,119
4375,115
4376,152
4377,143
4378,176
4379,196
4380,145
4381,261
4382,137
4383,294
4384,94
4385,121
4386,124
4387,179
4388,170
4389,102
4390,88
4391,122
4392,140
4393,119
4394,20
4395,98
4396,128
4397,103
4398,112
4399,118
4400,130
4401,96
4402,116
4403,123
4404,128
4405,196
4406,104
4407,242
4408,103
4409,11
4410,109
4411,110
4412,105
4413,95
4414,111
4415,102
4416,98
4417,108
4418,108
4419,102
4420,113
4421,131
4422,101
4423,122
4424,320
4425,293
4426,231
4427,112
4428,500
4429,500
4430,269
4431,254
4432,369
4433,500
4434,256
4435,214
4436,87
4437,370
4438,106
4439,118
4440,300
4441,118
4442,500
4443,178
4444,280
4445,277
4446,84
4447,167
4448,500
4449,500
4450,321
4451,435
4452,49
4453,279
4454,500
4455,119
4456,388
4457,500
4458,354
4459,343
4460,14
4461,108
4462,197
4463,360
4464,164
4465,99
4466,225
4467,103
4468,341
4469,121
4470,132
4471,355
4472,105
4473,394
4474,491
4475,422
4476,100
4477,128
4478,109
4479,440
4480,106
4481,316
4482,108
4483,144
4484,105
4485,254
4486,268
4487,124
4488,422
4489,472
4490,423
4491,418
4492,436
4493,425
4494,253
4495,229
4496,424
4497,482
4498,311
4499,500
4500,500
4501,274
4502,280
4503,500
4504,500
4505,500
4506,415
4507,500
4508,486
4509,256
4510,500
4511,386
4512,436
4513,500
4514,500
4515,290
4516,500
4517,426
4518,279
4519,128
4520,186
4521,119
4522,500
4523,500
4524,254
4525,254
4526,213
4527,285
4528,112
4529,205
4530,147
4531,129
4532,287
4533,122
4534,339
4535,199
4536,260
4537,500
4538,500
4539,500
4540,399
4541,346
4542,500
4543,500
4544,500
4545,180
4546,500
4547,193
4548,500
4549,394
4550,477
4551,222
4552,500
4553,500
4554,500
4555,500
4556,436
4557,500
4558,375
4559,53
4560,47
4561,25
4562,12
4563,11
4564,14
4565,12
4566,49
4567,55
4568,59
4569,38
4570,40
4571,63
4572,27
4573,26
4574,26
4575,27
4576,30
4577,23
4578,25
4579,21
4580,28
4581,82
4582,108
4583,174
4584,150
4585,141
4586,500
4587,218
4588,321
4589,460
4590,500
4591,492
4592,186
4593,341
4594,139
4595,383
4596,272
4597,413
4598,217
4599,297
4600,300
4601,246
4602,335
4603,316
4604,170
4605,228
4606,135
4607,154
4608,196
4609,152
4610,268
4611,145
4612,154
4613,154
4614,77
4615,158
4616,214
4617,169
4618,152
4619,199
4620,151
4621,200
4622,192
4623,153
4624,196
4625,34
4626,256
4627,498
4628,239
4629,143
4630,156
4631,171
4632,202
4633,200
4634,217
4635,154
4636,167
4637,202
4638,239
4639,250
4640,177
4641,261
4642,233
4643,107
4644,188
4645,177
4646,166
4647,77
4648,49
4649,82
4650,182
4651,138
4652,153
4653,116
4654,198
4655,152
4656,151
4657,143
4658,166
4659,154
4660,156
4661,107
4662,177
4663,147
4664,137
4665,27
4666,90
4667,209
4668,152
4669,172
4670,174
4671,162
4672,117
4673,110
4674,192
4675,111
4676,139
4677,98
4678,122
4679,280
4680,176
4681,198
4682,196
4683,123
4684,326
4685,167
4686,89
4687,127
4688,146
4689,105
4690,117
4691,125
4692,197
4693,182
4694,179
4695,314
4696,157
4697,105
4698,123
4699,132
4700,54
4701,126
4702,151
4703,189
4704,235
4705,143
4706,132
4707,15
4708,188
4709,194
4710,150
4711,182
4712,144
4713,136
4714,159
4715,144
4716,218
4717,55
4718,153
4719,151
4720,156
4721,150
4722,245
4723,192
4724,169
4725,138
4726,145
4727,356
4728,175
4729,188
4730,143
4731,166
4732,154
4733,157
4734,239
4735,227
4736,82
4737,127
4738,88
4739,233
4740,120
4741,257
4742,191
4743,361
4744,125
4745,110
4746,138
4747,231
4748,161
4749,178
4750,120
4751,156
4752,179
4753,87
4754,174
4755,151
4756,133
4757,146
4758,200
4759,118
4760,164
4761,205
4762,145
4763,180
4764,437
4765,205
4766,381
4767,174
4768,145
4769,123
4770,99
4771,138
4772,139
4773,269
4774,140
4775,278
4776,351
4777,104
4778,140
4779,127
4780,88
4781,318
4782,312
4783,119
4784,350
4785,251
4786,215
4787,414
4788,329
4789,182
4790,179
4791,98
4792,101
4793,181
4794,316
4795,293
4796,333
4797,277
4798,130
4799,105
4800,277
4801,222
4802,137
4803,249
4804,422
4805,166
4806,184
4807,309
4808,166
4809,293
4810,274
4811,292
4812,253
4813,150
4814,260
4815,142
4816,130
4817,204
4818,139
4819,273
4820,136
4821,278
4822,200
4823,183
4824,374
4825,169
4826,139
4827,290
4828,198
4829,203
4830,265
4831,153
4832,124
4833,144
4834,211
4835,140
4836,184
4837,223
4838,133
4839,260
4840,233
4841,164
4842,118
4843,129
4844,146
4845,122
4846,145
4847,151
4848,117
4849,128
4850,116
4851,166
4852,147
4853,158
4854,145
4855,146
4856,191
4857,125
4858,187
4859,143
4860,138
4861,132
4862,193
4863,148
4864,142
4865,159
4866,149
4867,208
4868,200
4869,165
4870,141
4871,161
4872,179
4873,133
4874,158
4875,214
4876,148
4877,129
4878,120
4879,116
4880,23
4881,13
4882,26
4883,136
4884,296
4885,227
4886,192
4887,138
4888,170
4889,145
4890,195
4891,188
4892,190
4893,200
4894,140
4895,166
4896,161
4897,182
4898,237
4899,174
4900,153
4901,143
4902,160
4903,210
4904,171
4905,158
4906,140
4907,223
4908,170
4909,254
4910,214
4911,152
4912,145
4913,235
4914,225
4915,173
4916,314
4917,136
4918,127
4919,274
4920,154
4921,143
4922,190
4923,244
4924,252
4925,93
4926,202
4927,141
4928,197
4929,129
4930,165
4931,155
4932,207
4933,195
4934,35
4935,358
4936,158
4937,134
4938,230
4939,233
4940,156
4941,169
4942,301
4943,139
4944,243
4945,146
4946,279
4947,173
4948,180
4949,329
4950,237
4951,217
4952,213
4953,121
4954,255
4955,142
4956,235
4957,145
4958,301
4959,317
4960,260
4961,138
4962,500
4963,250
4964,500
4965,465
4966,295
4967,260
4968,160
4969,285
4970,64
4971,347
4972,500
4973,441
4974,212
4975,204
4976,292
4977,363
4978,315
4979,271
4980,432
4981,179
4982,500
4983,265
4984,211
4985,208
4986,463
4987,163
4988,118
4989,158
4990,368
4991,79
4992,191
4993,309
4994,115
4995,122
4996,133
4997,133
4998,220
4999,252
5000,295
